ID,Title,Content,Date
1e5u9jg,"Can someone explain the ev ""sky high repair costs""",I'm hearing electric vehicles have high repair costs. What would these consist of?,2024-07-17 21:43:02
1e59bpk,Best available EV under 50K,"I'm in the southwest USA and looking to purchase on a budget of ~50K. Here are my priorities, in rough order:

1. Safety
2. Autopilot / highway autosteer (city self-driving would be a nice extra, but unnecessary)
3. Handling / suspension
4. Range
5. Ease of use / features

I'll be mostly using the car for short daily tasks, but will occasionally want to do longer trips of ~500 miles. I work from home, so my daily driving is low--maybe 100 miles/week. I'm renting a condo so will not be installing any additional charging. I do have a golden retriever that I would like to transport as well.

I've driven a Tesla Model 3 and enjoyed it, so a Model 3/Y seems like a solid choice, but I've also heard good things about other cars on the market like the Mustang Mach-E, Ioniq, Chevy Bolt, VW ID.4, and more. While some of these might not be ideal over long distances, Tesla says they will open up their NACS Superchargers to other brands by Q1 2025 which might help.

Help me choose. Thank you!",2024-07-17 04:31:05
1e4x7ws,Denza N7 Test-drive in Shanghai,,2024-07-16 19:17:02
1e4skbm,"I want the Fiat 500E but i live in Queens New York, not sure where I would charge?",It seems like a pretty good entry level EV but I am just nervous about the low battery capacity and charging. ,2024-07-16 16:09:57
1e4iquu,changan estar manual,I need manual,2024-07-16 07:40:19
1e480tu,"Audi Q4 E-tron batterycapacity, Mileage and power usage dont add up?","Hello,

I'm just trying to make sense of these numbers:

Let us look at the E-tron:

https://preview.redd.it/3mytisiw9rcd1.png?width=1492&format=png&auto=webp&s=d0ca2acccde94a9130f5f776ec9b76a3a7aa2250

It says it will use 16,5-19,2 kWh to drive 100km.

And that it has a battery of 77 kWh.

Now, if we divided the battery capacity with the lowest value in the usage range, we should get 5,38, because they say it can drive up to 538km on a single charge.

But 77/16,5 = 4,67

In other words, if the battery capacity and usage range are right, the car will go between 401 and 466,67km.

This Is interesting to me because when you calculate taxes for cars imported to my country, you only type in Wh/KM and range. From that, it calculates the battery capacity using these two numbers, which makes sense in my head.

The battery capacity it calculates is just never the same as listed.

In this example, if I type in 165Wh/km and 538km range, it will calculate the battery capacity to be 88,77kWh, not 77 as listed. (165\*538/1000)

What am I doing wrong?

What don't I know?

I find the same with every car I've looked at so far.",2024-07-15 22:19:00
1e3uqkb,EvDuty Level 2 Users,"Hi,

I have the EVDuty 40 for home. Quick setup and itâ€™s set to private. Paired easily with my phone. I just got a new Kona EV, and the first time plugging in, I realized I had to â€œstartâ€ charging on the EVDuty app for it to send to the car. Now even though I have the Kona scheduled for off peak hours, do I need to always open the EVDuty app and â€œstart chargingâ€ even though the car wonâ€™t start actually charging hours later? Nothing in the app shows a way to schedule in synch with the car. Ideas would be helpful. Thanks.",2024-07-15 13:25:54
1e3trwf,Need help choosing an EV,"Some context, I work at a power plant and they allow us to charge our vehicles free of charge and I currently drive an aging ICE car, looking to take advantage of the charging stations at my work. My commute is about 30 miles to work (working on moving closer!) I was wondering if I should get a BEV or a PHEV as a middle ground. This will be my daily driver, as I also have a weekend ICE car. Any thoughts/suggestions would be appreciated! Thanks!",2024-07-15 12:39:28
1e3d01z,Vehicles besides Tesla/Hyundai/Kia that have a viable camping/utility mode?,"I'm aware of a hack using an upside-down bin on the driver seat of an iD.3 to engage ""utility mode."" Anyone else know of any viable alternatives? 

Does anyone have experience of car camping without camping/utility mode? how did it go?",2024-07-14 21:13:23
1e39nxj,EV driver stumbles upon frustrating scene at local charging station: 'This is why we can't have nice things',,2024-07-14 18:42:13
1e2zqtm,Ultra-luxury sedan Yuanhang Y6,,2024-07-14 11:09:14
1e2jqeu,Lexus rz 300e charger question,"I see level 2 home chargers can go up to 50 amps but what is the max the Lexus rz 300 will take? I saw someone say it only takes 32 amp so I assume anything more than 32 is a waste? 

Thanks!!",2024-07-13 20:18:10
1e2gikg,Question about charging,"I'm thinking of getting a Polestar 2, but had a general question about charging since I've never owned an EV before.

I've been told that charging them on a high voltage charger like a Tesla Charger or Electrify America is bad for the battery, and that it's better to charge ""low and slow"" like on the 240 volt home charger or even the 120 volt wall socket charger. But I was also told that batteries have a limited number of charge/discharge cycles and doing it too much can hurt the battery too.

As it is right now, my plan is to charge on a 120 volt charger. I do about 30 miles a day, so a full battery would do a weeks worth of driving and I think if I get home, hook up the charger immediately until the next day, and then over the weekend just leave it on the charger most of the time then I shouldn't ever need a supercharger for it. 

But that means I will be charging it all the time. Would this be bad for the battery?",2024-07-13 17:56:58
1e2bkjh,GWM ORA 2023,Anyone has any idea how long is the minimum range of  ORA funky cat EV with 47.8 kWh battery capacity ??,2024-07-13 14:21:52
1e1ny24,Tesla Model Y Was South Koreaâ€™s Best-Selling Import in the First Half of 2024,,2024-07-12 17:51:30
1e1nkaj,Do I need to hire an electrician if I already have a 14-50 plug in my garage?,"OK I have a very stupid question. I bought a new house and paid a bit extra for a 240v outlet to be put in the garage. I am buying a new chargepoint home flex to install in my garage for a Tesla I am going to be purchasing.

As someone with litte to no handy skills, will I require an electrician to help install the home charger at all? Or can I just ask my Dad or someone to help me mount the thing, and It's just a matter of plugging it in?",2024-07-12 17:35:32
1e1h375,weekly roundup for week of 7/4-7/11,"### Most Upvoted Posts

1. [LOL (1598 ðŸ¡…)](/r/electriccars/comments/19aeqs8/lol/)
2. [Wait... it's an EV??? (details in comments) (779 ðŸ¡…)](/r/electriccars/comments/1c1gtn9/wait_its_an_ev_details_in_comments/)
3. [Electric car caught fire at fast charger. Curious about brand of the car? Who could identify? (652 ðŸ¡…)](/r/electriccars/comments/18p3uwj/electric_car_caught_fire_at_fast_charger_curious/)
4. [Biden Administration Is Said to Slow Early Stage of Shift to Electric Cars: The change to planned rules was an election-year concession to labor unions and auto executives, according to people familiar with the plan (647 ðŸ¡…)](/r/electriccars/comments/1at8fr9/biden_administration_is_said_to_slow_early_stage/)
5. [Republicans wonâ€™t stop trying to kill Bidenâ€™s EV tax credit (644 ðŸ¡…)](/r/electriccars/comments/1dzjos9/republicans_wont_stop_trying_to_kill_bidens_ev/)

### Most Commented Posts

1. [LOL (1026 ðŸ’¬)](/r/electriccars/comments/19aeqs8/lol/)
2. [Why do so many young people hate electric cars? (914 ðŸ’¬)](/r/electriccars/comments/1amcn07/why_do_so_many_young_people_hate_electric_cars/)
3. [Biden Administration Is Said to Slow Early Stage of Shift to Electric Cars: The change to planned rules was an election-year concession to labor unions and auto executives, according to people familiar with the plan (449 ðŸ’¬)](/r/electriccars/comments/1at8fr9/biden_administration_is_said_to_slow_early_stage/)",2024-07-12 13:00:15
1e0r03m,Anyone in Michigan?,"Hey all! Looking for electric vehicle drivers/enthusiasts/supporters in Michigan. Detroit and Grand Rapids especially

Hoping to bring people together to educate their communities on EVs. Not for everyone and not easy in MI, but doesn't mean people shouldn't be learning about the future

Comment or message me if you're interested in doing this kind of community work",2024-07-11 14:59:26
1e05g45,"Best electric SUV 2024. Range, interior design and efficiency","Hi ElectricCars!

I'm looking for advice. So far, my electric SUV research has taken up a lot of time, and the more time passes, the more questions I have.   
  
Let's start with a few exclusions:  
- after test-driving most, I am not a huge fan of Kia and Hyunday's EVs. They are OK cars, but they lack that premium feel, and I am looking for   
a) something a bit bigger that can fit a family of 4 with two dogs  
b) high-grade interior finish   
c) driving dynamics that are precise and exciting

My best list so far: 

**Genesis GV70**: I love the design, and it's 3.7-second 0- 60 time. However, I am worried about the range. Do you have any experience with this?  
**Audi SQ6 e-Tron**: it's a great car, but for Audi, I had a feeling that the interior of SQ6 is somehow not as nice as gas-powered Audis  
**Polestar 3:** I haven't tested-driven it yet as I have had many problems with my Volvo in the past. Are there any users of Polestar 3 here?   
**Tesla Model X:** I loved it. Its range is great, and the charging infrastructure is amazing, too. However, it's the most expensive one here, and my friends who bought Teslas often complain about sloppy finishing (I saw both nicely fitted Teslas and ones that were scary to look at) servicing the car, even under warranty. 

Nice haves: 

- Autopilot or a really good adaptive cruise control  
- An option to leave the dogs inside with AC on (I'm in Austin, TX)  
- Large (f)trunk  
- Good charging infrastructure

Must haves: 

- Reliable  
- Good service centers 

I'd love to hear your opinion if you own or drive any of these cars or if you have an alternative that you think is worth test driving. 

Thanks!",2024-07-10 20:04:37
1e02jvq,Tesla MS v Rivian R1T v Lucid Air,"Model S v R1T v Lucid Air

Listen, I know one of these is not like the other, but I am considering all of them as my next car. I currently have a Model YLR and am looking to upgrade. 

Truthfully, the stalkless driving of the MS pisses me off. Can I get used to it? Of course I can but thats not the point, its stupid! But I do love the car besides that, having test driven it. 

The R1T I have always loved. I know people call it ugly but I love that uggo. Iâ€™m not a truck guy, but I donâ€™t care I love this thing. 

The Lucid Air I admittingly know the least about, but I see their air credit incentives and they look too good to be true. 

I am genuinely torn. Am I being too much of a pain about stalkless driving? Is charging with an adapter all that bad? Are Lucids reliable? Iâ€™d just love to hear peoples thoughts and opinions on these cars. Thank you all in advance for your input!",2024-07-10 18:06:48
1dzwnuu,"NIU ET5T Test Drive: Auto-Driving in City Environment (Almost CRASHED), Auto Parking, Speed Test.",,2024-07-10 14:06:52
1dzjos9,Republicans wonâ€™t stop trying to kill Bidenâ€™s EV tax credit,,2024-07-10 01:39:35
1dzd8ht,Electric Cars are Viable during Natural Disasters (and should have V2L standard),"Here is my point:

My electric car is 100% a game changer for me and my family in a natural disaster. 
My local community was just hit hard by Hurricane Beryl and was much worse than I thought it was going to be. My EV (â€˜23 Ioniq 5) has the ability to V2L (vehicle to load), meaning I can power appliances from the car. 
I have been running my fridge, extra freezer, and multiple fans for over 24 hours since we lost power and used less than 10% of my cars battery in the process. We will likely be able to last a total of 4-6 days without power at this rate (sadly I didnâ€™t charge to 100% before the storm)

I remember seeing many remarks about how some people were hoping that EV owners would get hit hard by the hurricane and come to realize how bad it would be to have an EV during a natural disaster. However we have been the oneâ€™s helping out more BECAUSE of our EV!

We do not need to worry about carbon-monoxide building up, filling a generator throughout the night, the noise of a generator, or the overall maintenance.

I gave all the gas I had to a neighbor who ran out and couldnâ€™t find any at the gas stations because gas stations in the area are either out of gas or donâ€™t have power to pump any gas. Getting gas is a big issue right now for many but when you donâ€™t depend on it, it isnâ€™t an issue.

I donâ€™t wish anyone to be in a bind, but because of our EV, we are doing fine after Beryl.",2024-07-09 20:53:16
1dyw93m,Dashcam recommendation,"As a new EV owner, I'm considering investing in a dashcam. There are so many options, and I want to make sure I choose the right one. If you have a dashcam, which one did you go with and why? Thanks in advance!

I also want to ensure my safety and protect myself from bad drivers and any potential issues with law enforcement. A dashcam seems like a necessary tool for that.",2024-07-09 07:16:56
1dyctgo,Looking for developers of EV smart charging app,"Hey! I am developping an EV smart charging app. I found testing to be quite time- and energy-consuming.

Wanted to connect w/ people who may have a similar feeling and see how they do it.

Thx for the help!",2024-07-08 16:12:48
1dya76i,The state of EV charging in America: Harvard research shows chargers 78% reliable and pricing like the â€˜Wild Westâ€™,,2024-07-08 14:23:54
1dy6nc5,Recommendations for sleepable EVs?,"My wife and I love the idea of using our car as a kind turbo tent to save money while traveling and for the sheer convenience of not having to worry about booking accommodation along our road trips. While searching specifically for cars that have nice sleeping setups when the seats are folded down, I completely overlooked the Tesla M3 because of the coupÃ© design. But it turns out that not only can the seats of the M3 fold down, it even has a ""camping mode"" that circulates air while you sleep so inside doesn't condensate. For this reason I'm starting to feel like the M3 is our only option. I saw one person managed to hack a ""camping mode"" in their iD.3 by buckling an upside-down bin to the front seat So that's a potential option. Does anyone have any other good sleepable EV recommendations? 

EDIT: I'm seeing that Kia and Hyundai both offer a ""utility mode"" that does the same thing as camping mode so it looks like there are a few more options! The new Inster looks absolutely PERFECT for our needs. It's incredibly versatile, affordable, adorable, and even has a heat pump as standard",2024-07-08 11:35:03
1dxl401,Losing a few miles of charge in between use?,"Hi all,

I recently picked up an electric car (Peugeot E-208), didn't need anything fancy or long range efficient as I only do short journeys in my town (I commute locally for work).

It's been a lovely drive so far, it's smooth, it's nippy when I need it to be and otherwise all around a decent purchase. The only thing I've noticed however is the mileage range drops quite a lot in between each use.

I understand that a charge is always gonna drop over time, what with the central locking system and all, but I'm talking about a few miles in between use. For example, I'll start with 150, end up at my destination with 148, then when I'm at my job for several hours, and return to use the car to go home, it has dropped down to 143. The following day when I return to work, I've parked up at 141 miles, and started it back up to 136. This happens almost everytime now.

For reference, I drive it mainly in eco mode, and I'm very economical when driving anyway. The weather has been relatively mild, so I can't see the cold being a factor. It was pre-used, but only had 24k miles on the clock (4 year old car, 6k a year seemed reasonable use). Can anyone point as to what's going on, I'm almost losing ~40-50 miles in between each charge.",2024-07-07 16:56:01
1dx3ncn,Fuck electric cars,Fuck Elon musk ,2024-07-07 00:18:07
1dx2gcx,Best used EV for ~23kâ‚¬?,"Hi, quite soon I plan to buy used EV for around 20k-23kâ‚¬ range.
Currently, I feel that Tesla M3/S would be the best bet, but now I also see really good deals on ID.3 and Cupra Born.

My colleague knows a few people who drives M3 and S, and they are satisfied.

I live in Eastern Europe.

What would you suggest?

Thank you.",2024-07-06 23:18:17
1dwriib,Nissan Leaf 40kWh range?,"About to buy a Nissan Leaf 2018, odometer is 118 000 km. The range is 218km summer, but he said it's same in the winter. I found that strange because all the electric cars I've seen have only about half the range in winter. Does anyone know?",2024-07-06 14:58:45
1dvxf32,weekly roundup for week of 6/27-7/4,"### Most Upvoted Posts

1. [LOL (1598 ðŸ¡…)](/r/electriccars/comments/19aeqs8/lol/)
2. [Wait... it's an EV??? (details in comments) (783 ðŸ¡…)](/r/electriccars/comments/1c1gtn9/wait_its_an_ev_details_in_comments/)
3. [Electric car caught fire at fast charger. Curious about brand of the car? Who could identify? (657 ðŸ¡…)](/r/electriccars/comments/18p3uwj/electric_car_caught_fire_at_fast_charger_curious/)
4. [Biden Administration Is Said to Slow Early Stage of Shift to Electric Cars: The change to planned rules was an election-year concession to labor unions and auto executives, according to people familiar with the plan (645 ðŸ¡…)](/r/electriccars/comments/1at8fr9/biden_administration_is_said_to_slow_early_stage/)
5. ['They Want To Be The Gatekeepers': Car Dealers Are Stopping Customers From Buying EVs (583 ðŸ¡…)](/r/electriccars/comments/17uqqbp/they_want_to_be_the_gatekeepers_car_dealers_are/)

### Most Commented Posts

1. [LOL (1026 ðŸ’¬)](/r/electriccars/comments/19aeqs8/lol/)
2. [Why do so many young people hate electric cars? (909 ðŸ’¬)](/r/electriccars/comments/1amcn07/why_do_so_many_young_people_hate_electric_cars/)
3. [Biden Administration Is Said to Slow Early Stage of Shift to Electric Cars: The change to planned rules was an election-year concession to labor unions and auto executives, according to people familiar with the plan (449 ðŸ’¬)](/r/electriccars/comments/1at8fr9/biden_administration_is_said_to_slow_early_stage/)",2024-07-05 13:00:16
1dvtb93,"By 2027, One in Three Cars Sold in U.S. Will Be an EV, Analysts Project",,2024-07-05 08:43:12
1dvh2hp,2024 Zeekr 001 Track and Performance Test,,2024-07-04 20:54:04
1dutd1n,Battery Longevity?,"Found this video and the data seems pretty compelling for those who want to get the most out of the EV battery.

I was wondering if anyone else has come to this conclusion.

I understand some people want to just plug in, charge up, and not think about their battery degradation/health and just drive the car, however, I donâ€™t mind taking the extra effort to care for the battery. 

I plan to only charge to 60% and recharge when I hit 40% back up to 60%. This should be just about every day in my Ioniq 5 commuting 40-50 miles per day. Only for longer trips will I top off.",2024-07-04 00:12:38
1duiwhi,What should an electric car sound like? - YouTube,,2024-07-03 16:40:07
1dtslax,"Question, EV 12 volt system.","I recently had my 12 volt battery die, my commute is pretty short so it doesn't really get enough time to charge fully I guess, had the same issue with my truck back in the day, took almost 3 years to do it though so that's pretty good I guess. I just had it at the shop, that's where it died actually, and the battery passed their load tests and stuff so its just the charge level I need to worry about atm. I park outdoors so I'm thinking a solar maintainer. Any suggestions that are easy to hook up ? I have a 2020 Kona BEV.

EDIT:

Second question, if I get stranded outside the vehicle, unable to access the hood release, is there a way to jump it in the same vein as a Tesla where you can jump start the electrical system with a 9volt.

EDIT:  
Problem solved for second question. I've been using keyless entry for so long I forgot my doors have a key lock. ðŸ˜œ",2024-07-02 18:12:08
1dtja3a,BYD sealion 7,"We are considering buying the sealion 6 PHEV, but I hear the sealion 7 is coming to Australia by the end of the year and I'm wondering if we should wait. I think I would prefer the all electric sealion but does anyone know if the dimensions are similar? It looks to me like the sealion 7 is smaller but I can't find a direct comparison of dimensions.",2024-07-02 11:14:06
1dtefso,How is Norway the EV capital pf the world?,,2024-07-02 05:44:46
1dtdjyk,Hybrid or EV for long commute,"I recently received a job, but the commute is about 410 miles per day. I'm confused between hybrid and EVs, as which one to go for. Which one should I go for considering long-term reliability ,maintenance, and commute expense? Also can you suggest some vehicles? Most preference for AWD SUVa, but will consider AWD sedans as well.",2024-07-02 04:48:19
1dt8wkk,Here's how big of a difference tires can make on Tesla Model 3,,2024-07-02 00:42:17
1dsq8pc,"After driving dozens of EVs over the years, I finally spent a week with a Tesla Model 3 and absolutely loved it",,2024-07-01 11:03:03
1ds3ejt,Overheating battery in Nissan LEAF,,2024-06-30 14:59:27
1drtpkd,What do you guys think about the iD.4? Would these issues be a deal breaker for you?,,2024-06-30 04:49:20
1dr57q3,"Well, we picked our EV and have had a blast! ","From test drive to ownership in 4 days. So much space and comfort for a road trip, it was just awesome!",2024-06-29 06:52:12
1dqj2my,weekly roundup for week of 6/20-6/27,"### Most Upvoted Posts

1. [LOL (1600 ðŸ¡…)](/r/electriccars/comments/19aeqs8/lol/)
2. [Wait... it's an EV??? (details in comments) (785 ðŸ¡…)](/r/electriccars/comments/1c1gtn9/wait_its_an_ev_details_in_comments/)
3. [Electric car caught fire at fast charger. Curious about brand of the car? Who could identify? (655 ðŸ¡…)](/r/electriccars/comments/18p3uwj/electric_car_caught_fire_at_fast_charger_curious/)
4. [Biden Administration Is Said to Slow Early Stage of Shift to Electric Cars: The change to planned rules was an election-year concession to labor unions and auto executives, according to people familiar with the plan (649 ðŸ¡…)](/r/electriccars/comments/1at8fr9/biden_administration_is_said_to_slow_early_stage/)
5. ['They Want To Be The Gatekeepers': Car Dealers Are Stopping Customers From Buying EVs (588 ðŸ¡…)](/r/electriccars/comments/17uqqbp/they_want_to_be_the_gatekeepers_car_dealers_are/)

### Most Commented Posts

1. [LOL (1026 ðŸ’¬)](/r/electriccars/comments/19aeqs8/lol/)
2. [Why do so many young people hate electric cars? (909 ðŸ’¬)](/r/electriccars/comments/1amcn07/why_do_so_many_young_people_hate_electric_cars/)
3. [Biden Administration Is Said to Slow Early Stage of Shift to Electric Cars: The change to planned rules was an election-year concession to labor unions and auto executives, according to people familiar with the plan (449 ðŸ’¬)](/r/electriccars/comments/1at8fr9/biden_administration_is_said_to_slow_early_stage/)",2024-06-28 13:00:16
1dq31sn,Public charging station gripes,"You're at a public charging station with 6 stalls, of the six stalls, two stalls are occupied by other ev cars actively charging, but of the other four :

- One stall is occupied by a non-ev car.

- One stall is occupied by a Tesla not plugged in.

- One stall is occupied by an ev car that shows it's completed charging and has been there since you drove by 3 hours ago.

- The only stall available is broken.

Which is the most annoying situation and why?",2024-06-27 21:43:53
1dpvsxi,What is the best EV for light off-roading?,"What vehicle would you recommend, and why?
Looking for options that are available now or expected within the next year in Canada. ",2024-06-27 16:41:34
1dpob4j,2024 Acura ZDX A-Spec AWD POV Review. Is The Hate Warranted?,,2024-06-27 10:47:42
1dpc7z4,Electric Vehicle Quickly Approaching Price Parity With Gas Vehicles,,2024-06-26 23:00:43
1dpbqoy,"These Are The Worst Used Electric Cars, According To Consumer Reports",,2024-06-26 22:39:06
1dp1eiy,"How of a plus is Tesla Software vs. competitors?
","Nowadays buying a car is not only how efficient and safe and how the mechanics work, but also the built in software and UI... autopilot (and all driving assistant) capabilities, Navigation, Connectivity, Remote control etc etc... In regard to electric cars I've only driven Tesla (rented a couple of times) and I can see how intuitive and useful some functionalities are. Is there any other brand close or even better than tesla in regards to the software? 

For instance I liked the navigation app in the tesla for road trips that it plans the route based on the range and location of the superchargers, but I'm not aware if that is also possible with other brands...

  
Love to hear your thoughts and knowledge! Looking to make a decision soon on an EV.

  
Thanks!",2024-06-26 15:29:13
1dor13t,Whatâ€™s going on with the Rivian VW deal? Of all of the car companies why VW? They donâ€™t have a stellar reputation and customer service is the shits.,Whatâ€™s going on with the Rivian VW deal?  Of all of the car companies why VW?  They donâ€™t have a stellar reputation and customer service is the shits. ,2024-06-26 05:32:26
1don0cu,Best compact SUV?,"The lease on my Leaf SL+ ends in August. I am not going to get another Leaf due to the lack of CHaDeMo connectors. The current batch of small SUVs look interesting. What do people think of the Ioniq 5, Model Y, Kia EV 6 and VW ID.4? Are there other cars in the same category  that should be considered?",2024-06-26 01:51:26
1dokxfr,Recall Reveals Abysmal Tesla Cybertruck Sales Figures,,2024-06-26 00:06:53
1dokwhy,Rivian stock soars as Volkswagen to invest $5 billion,,2024-06-26 00:05:39
1doatcj,Nissan Leaf?,"Hi everyone! Iâ€™m not a car person at all I need advises about getting a new car!

Is Nissan Leaf S reliable? I checked the prices of the used Nissan leaf and found them so affordable. Whatâ€™s the catch? I need a car for commuting to work (within 20 minutes drive), getting groceries or going to the park with kiddos. We have a charger in our garage so I donâ€™t think charging would be a problem. Is 2013 leaf a good bet? What else should I be worried about or be paying attention to when I go to the dealership? 

Would you go for a Nissan leaf or a Toyota Prius? I LOVED my Prius but it was t-boned and totaled long time ago. The price is just insane. I paid 7k for a 2012 one 5 years back, now with this budget I can only get a 2009 Prius.

Despite how much I love Prius, I would like to know if Nissan leaf is my good fit? I just want one thatâ€™s easy for short distance commute and ofc it has to be safe and easy to drive because I have kids to worry about. Also need it to be easily fixed or maintained too since I have zero knowledge about cars. 

Oh btw some Nissan Leaf on CARFAX are SUPER CHEAP like a 2013 around 3k or a 2015 around 4k. Whatâ€™s the catch? It says theyâ€™re clean titles.

Thank you for your advice in advance!",2024-06-25 16:55:05
1do3n46,Dacia Spring not charging,"Hello! I bought a Dacia Spring a week ago and after two days I tried to charge it at home. The seller assured me it would be possible to charge it anywhere but it could take longer if I had low power at home. In 8h it charged 1% so I tried another power outlet and it didn't charge at all. I tried another one and it charged 5%, stopped charging, charged another 10% and then I turned it off because the cable was getting hot and it was getting late (I needed to leave my front door open in order to plug the cable in this outlet, while the first two are outside in the garage). I also noticed that my cable does not lock when I lock the car. What I mean is, I lock the car and I am still able to pull the cable off, which is not supposed to happen. My seller says I should keep trying to lock the cable and see if it keeps happening but I tried over 10 times and it only locked twice. Do you think it's a cable issue or a power issue?",2024-06-25 11:24:17
1do2rtu,"What about road maintenance for an electric car, is it more than for a traditional car, because of the increased weight?","Hey Reddit,

Someone recently made an argument against electric cars that the extra weight increase the required road maintenance, and that could cause more carbon dioxide emissions. Possibly completely countering the positive net effect of electric cars.

I tried to find it on the internet but no luck so far, has any research into been done? Have you encountered this argument before?

Thanks a lot for any replies.",2024-06-25 10:30:07
1dnz5ns,Thinking about buying an ev,"Been thinking about buying an ev for a while, but I have heard that  tire wear and the cost of charging is going up ",2024-06-25 06:15:53
1dmvubx,Looking for a used EV car in US,I am looking to buy a used EV SUV (5seater) car in the US. I am interested in other options outside of Tesla. Heard Ioniq5 and Kia EV6 are the best options. Let me know any clear recommendations?,2024-06-23 20:46:52
1dmmr5f,How to connect EV to 5 pin ?,"Currently i use the blue standard one with 3.2kw. How to use red 5 pin? Should it be some type of male 5 pin to AC or DC cable? Should it be some kind of adapter for it?

1. i got 16a 220v standard adapter which i believe is not something i need this red one looks like higher voltage

2. Using no adapter and just type of cable for AC (looks also wrong to be since it should be 220v)



3.Using no adapter and type of connector for DC, like CSS (The inbuild adapter should have 400v) but i got no clue if this red socket is  AC or DC.



My goals are to use more durable connecting than 2 pin and a little more speed would be also nice if i needed 100% in less then 24h 



Exact outside adapter i got for now on 3rd picture",2024-06-23 13:58:27
1dlgbi8,CPO Taycan v NEW Model S,"Cross shopping the two. 

Currently have a Model 3, since 2018. Love the Tesla experience so far. 

Can someone comment on the maintenance cost of the Taycan?

Other variables TBD - insurance cost, how much more Taycans drop once the 2025s come out.",2024-06-21 22:19:36
1dlabb1,What electric car to get?,"Hey all, I'm going to dive into the world of EVs very soon, I've got a 30k budget and at the moment I'm torn between two

Do I get a brand new MG4 XPOWER or a used Tesla Model S/3?

I'm a biker so I'd like some brutal acceleration (both are around 3.8 secs to 60) 

Range isn't too much of an issue, as long as it can do 200+ miles.

Any other cars to consider? 

I'm in the UK, cheers!",2024-06-21 18:00:40
1dl3ftc,weekly roundup for week of 6/13-6/20,"### Most Upvoted Posts

1. [LOL (1601 ðŸ¡…)](/r/electriccars/comments/19aeqs8/lol/)
2. [Wait... it's an EV??? (details in comments) (783 ðŸ¡…)](/r/electriccars/comments/1c1gtn9/wait_its_an_ev_details_in_comments/)
3. [Electric car caught fire at fast charger. Curious about brand of the car? Who could identify? (650 ðŸ¡…)](/r/electriccars/comments/18p3uwj/electric_car_caught_fire_at_fast_charger_curious/)
4. [Biden Administration Is Said to Slow Early Stage of Shift to Electric Cars: The change to planned rules was an election-year concession to labor unions and auto executives, according to people familiar with the plan (648 ðŸ¡…)](/r/electriccars/comments/1at8fr9/biden_administration_is_said_to_slow_early_stage/)
5. ['They Want To Be The Gatekeepers': Car Dealers Are Stopping Customers From Buying EVs (589 ðŸ¡…)](/r/electriccars/comments/17uqqbp/they_want_to_be_the_gatekeepers_car_dealers_are/)

### Most Commented Posts

1. [LOL (1026 ðŸ’¬)](/r/electriccars/comments/19aeqs8/lol/)
2. [Why do so many young people hate electric cars? (909 ðŸ’¬)](/r/electriccars/comments/1amcn07/why_do_so_many_young_people_hate_electric_cars/)
3. [Biden Administration Is Said to Slow Early Stage of Shift to Electric Cars: The change to planned rules was an election-year concession to labor unions and auto executives, according to people familiar with the plan (449 ðŸ’¬)](/r/electriccars/comments/1at8fr9/biden_administration_is_said_to_slow_early_stage/)",2024-06-21 13:00:14
1dk6gom,Experience the innovative Avatr 12 EV by Changan and Huawei,,2024-06-20 08:15:27
1dje4ut,Experience the innovative Avatr 12 EV by Changan and Huawei,,2024-06-19 08:28:12
1dj76tu,Can a EV power a CPAP without issue,"Iâ€™m sure that an electric car could do just that, but is there any issue with it? Is it possible and safe for the EV battery and components to power a CPAP all night? If so what is the best and simplest way to do that? Would using the cig lighter with an inverter be the best? I want to camp with my vehicle and the thought of buying a dedicated power station isnâ€™t very appealing ",2024-06-19 01:27:07
1dj2jfb,More Amp/H in Water-Based LYP Batteries,,2024-06-18 21:49:24
1dixb7g,Charging and Range real world Test Zeekr 001,,2024-06-18 18:09:25
1dit9ue,Renting an electric car for the first time? What could go wrong?,,2024-06-18 15:20:50
1dije50,Keep of return Corsa e,I have bought a Corsa e 2020 (42k miles) from a well known UK retailer on the 14 keep or return offer. When it was dropped off the guy said all the service history was online. On signing up with Vauxhall's app and everything there is no service history. I contacted the retailer and they gave me a list of the car's service history and it has missed a service at 32k or 3 years meaning the battery's warranty is void. Should I keep it and hope the battery which has lost 10% in 4 years doesn't break or return it hoping to find another for the same price with full Vauxhall service history?,2024-06-18 05:49:24
1di2koy,Ford Explorer All-Electric  - 1st Drive and Review,,2024-06-17 16:39:47
1dhcufc,Used EV price crash keeps getting deeper with â€˜premiumâ€™ brand idea history,,2024-06-16 17:39:45
1dfq95e,weekly roundup for week of 6/6-6/13,"### Most Upvoted Posts

1. [LOL (1598 ðŸ¡…)](/r/electriccars/comments/19aeqs8/lol/)
2. [Wait... it's an EV??? (details in comments) (787 ðŸ¡…)](/r/electriccars/comments/1c1gtn9/wait_its_an_ev_details_in_comments/)
3. [Electric car caught fire at fast charger. Curious about brand of the car? Who could identify? (652 ðŸ¡…)](/r/electriccars/comments/18p3uwj/electric_car_caught_fire_at_fast_charger_curious/)
4. [Biden Administration Is Said to Slow Early Stage of Shift to Electric Cars: The change to planned rules was an election-year concession to labor unions and auto executives, according to people familiar with the plan (648 ðŸ¡…)](/r/electriccars/comments/1at8fr9/biden_administration_is_said_to_slow_early_stage/)
5. ['They Want To Be The Gatekeepers': Car Dealers Are Stopping Customers From Buying EVs (585 ðŸ¡…)](/r/electriccars/comments/17uqqbp/they_want_to_be_the_gatekeepers_car_dealers_are/)

### Most Commented Posts

1. [LOL (1026 ðŸ’¬)](/r/electriccars/comments/19aeqs8/lol/)
2. [Why do so many young people hate electric cars? (909 ðŸ’¬)](/r/electriccars/comments/1amcn07/why_do_so_many_young_people_hate_electric_cars/)
3. [Biden Administration Is Said to Slow Early Stage of Shift to Electric Cars: The change to planned rules was an election-year concession to labor unions and auto executives, according to people familiar with the plan (449 ðŸ’¬)](/r/electriccars/comments/1at8fr9/biden_administration_is_said_to_slow_early_stage/)",2024-06-14 13:00:15
1df5pq2,Hyundai Kona 115kW Advance 48kWh [Comfort] vs 160kW N Line 65kWh,"Hi guys,

I know the obvious answer is the N Line, but it requires a much more significant wait (about half a year). I'm not in desperate need to change my vehicle, but I do want to know whether the significant wait is worth it. I've seen contradicting reports about the range. I've heard that the difference is about 60 miles between the two? I think that is what is making it most difficult for me to decide whether I should go for the Advance now, or wait another half year and go for the N Line.

Please could you advise me on whether the wait is worth it enough?

Thanks in advance.",2024-06-13 18:16:49
1devrwn,The Neolun Concept by Genesis.,,2024-06-13 10:30:04
1de31dc,EU slaps Chinese EVs with duties of up to 38.1 percent,,2024-06-12 10:07:10
1ddyknx,"Faraday Future [$FFIE] had more than 14,000 reservations in late 2023 for FF-91 and finally. Production starts June 12th with 300+ pre-orders.","Production starts now!!  Seriously.
  I'm going to keep this simple and ask that you do some additional DD and look for these using Freespoke and other sources.  
  Google has been very questionable in their search parameters, as most already know.  
  Production should have begun,  
PRIOR TO GOING PUBLIC.   
  From the IPO till now, there have been several irregularities involved with the company.    
  But the fact remains they currently have 300+ FF-91 $309,000 cars on pre-order and finally.  
Production restarted.   https://eletric-vehicles.com/faraday-future/faraday-future-shares-surge-as-company-restarts-deliveries/  
Faraday Future at the end of late 2023 had 14,000 reservations but they did not have the means to make that happen.  
 They have completely finished their factory in Hanford California and they have an Experience Center in Los Angeles California and Production is finally in full force.",2024-06-12 04:56:57
1dd5nih,"Xpeng Officially Debuts New Subbrand with First Model ""Mona MO3â€",,2024-06-11 04:30:38
1dczeok,Is it possible to own an EV when I don't have a charging port at home?,How have people owned electric cars that they couldn't charge overnight or at home?,2024-06-10 23:05:48
1dctol8,Ford Lightning or Kia EV9,"I need help deciding between the two. First time EV owner. Family of 3 (young child) and another in the future. I donâ€™t care about towing power but I need efficiency and easy charging options. 

I live in Florida so cold winters arenâ€™t a problem. Thanks for any insight!",2024-06-10 19:08:11
1dc2yw9,Does the new leaf have DC charging or still chademo?,"And if it's still chademo... I think it's the only car, right?  Everyone else has standardised to DC?",2024-06-09 20:12:01
1dbe3f7,EVSE and RV on the same circuit?,"I currently have a 14-50R powering a Juicebox 40 charging a Bolt (32A max?). On the same circuit, Iâ€™d like to be able to power an RV (120V 30A max?) in the foreground, while charging the car in the background. Meaning, the RV gets full power as needed, and the car gets whatever is left. 

Any good ways to do this? 

Took a quick look at the Splitvolt, which is meant to share a clothes dryer with your evse. But Iâ€™m not sure how it actually works. Best I can tell theyâ€™re probably just using a simple relay which looks for current draw from the dryer, then switches over to it when a low threshold is met. So the only time the evse gets power is when thereâ€™s no demand from the dryer. In my case the RV is probably always drawing something, if maybe just a few amps when â€œidlingâ€ such as overnight. So I think Iâ€™d need a smart load balancing device, rather than a simple switch.

Anything made for this? I know smart chargers can handle doing two cars at once, and delegate how much power each one receives. So maybe thereâ€™s a good way to do this for other devices?",2024-06-08 22:06:49
1db0wjc,"Renault advertising like Toyota in many EU countries and the UK - ""self-charging"" hybrid, ""100% hybrid, 0 plugging constraints""",,2024-06-08 11:34:32
1daa1za,weekly roundup for week of 5/30-6/6,"### Most Upvoted Posts

1. [LOL (1603 ðŸ¡…)](/r/electriccars/comments/19aeqs8/lol/)
2. [Wait... it's an EV??? (details in comments) (785 ðŸ¡…)](/r/electriccars/comments/1c1gtn9/wait_its_an_ev_details_in_comments/)
3. [Electric car caught fire at fast charger. Curious about brand of the car? Who could identify? (655 ðŸ¡…)](/r/electriccars/comments/18p3uwj/electric_car_caught_fire_at_fast_charger_curious/)
4. [Biden Administration Is Said to Slow Early Stage of Shift to Electric Cars: The change to planned rules was an election-year concession to labor unions and auto executives, according to people familiar with the plan (648 ðŸ¡…)](/r/electriccars/comments/1at8fr9/biden_administration_is_said_to_slow_early_stage/)
5. ['They Want To Be The Gatekeepers': Car Dealers Are Stopping Customers From Buying EVs (585 ðŸ¡…)](/r/electriccars/comments/17uqqbp/they_want_to_be_the_gatekeepers_car_dealers_are/)

### Most Commented Posts

1. [LOL (1025 ðŸ’¬)](/r/electriccars/comments/19aeqs8/lol/)
2. [Why do so many young people hate electric cars? (909 ðŸ’¬)](/r/electriccars/comments/1amcn07/why_do_so_many_young_people_hate_electric_cars/)
3. [Biden Administration Is Said to Slow Early Stage of Shift to Electric Cars: The change to planned rules was an election-year concession to labor unions and auto executives, according to people familiar with the plan (448 ðŸ’¬)](/r/electriccars/comments/1at8fr9/biden_administration_is_said_to_slow_early_stage/)",2024-06-07 13:00:18
1da7ufp,'Quit Or Accept Minimum Wage': Chinese Company's Ultimatum To 1000 Autoworkers As EV Sales Drop,,2024-06-07 10:58:57
1d9brgg,Strike at BYD manufacturing plant in antelope Valley California. All the workers walked out,This happened today 6/5/24,2024-06-06 06:34:29
1d97x29,"GM's CEO says company is committed to electric vehicles, despite slowdown",,2024-06-06 02:41:36
1d8zgqc,Installing Car Chargers at Home: A Comprehensive Guide,,2024-06-05 20:06:11
1d8ydqy,New to EV,"Iâ€™m trying to decide what EV vehicle will be the best option for my family and Iâ€™m hoping this community can assist. This will be our first car payment in years. Iâ€™m not thrilled about it but with how much we are spending on gas, we might break even or save a few bucks. 

We have a 2011 8 seater SUV that we put less than 10k miles a year (112k). This is our weekend/camping trip vehicle. Our other vehicle is our commuter (2001 Toyota) which we put 60-70 miles daily (work and school). We fuel up 2x week ($50-$55 each fill). The car is starting to give us issues, high mileage (254k), constant AC leakage so we have to recharge it periodically. 

With all that said, which EVs would it be best for our commute. One that will last us a while. Iâ€™m worried about battery deterioration with the amount of mileage we drive.",2024-06-05 19:22:01
1d8cqb1,seeking purchase advice,"Any purchasing advice or suggestions are welcome.  First foray into e-cars, and it is overwhelming to learn and understand all the issues.  Just want a practical good looking, reliable car with good tech support.  New or late model used.

I Live in Portland OR/Pacific NW.  

Our budget around $35-50K

Probably looking at a hatchback or SUV.Â  New or late model/low mileage used.

Considering:Â  Hyundai Ionic 5 (N-cool), Tesla Y or 3, Kia EV6, Toyota Prius Prime, VW ID4. Polestars and Rivians look awesome, but probably not for us.

I am guessing I do around 200 miles+/- per week - with occasional trips around the west from California to BC

Thanks to any and all that can shed any light!",2024-06-05 00:25:23
1d87z0l,Advice re leaving ev 3 months idle,"We want to leave a car in another city while away 3 to 4 months at a time.  Would have to be left outside, no garage.  Would any of the evs be able to start  ? From what I heard  years ago there is still a conventional 12v battery that will drain by then. Is that still true?",2024-06-04 20:57:45
1d7zhbz,Used ev credit,"I'm planning to buy a 2019 Hyundai Ioniq hybrid from a private seller. 
1. The seller is a second owner and I would be the third owner in this case. Would the car be eligible for a tax credit?
2. Income cap for this credit is 150k or 300k for married filing jointly.",2024-06-04 15:08:13
1d735d5,The Biggest Threats Coming For Tesla's Best-Selling Model Y,,2024-06-03 12:25:41
1d6swci,Very cool discusion on EVs,I love this show even if it is a bit UK / Europe centered.,2024-06-03 01:30:49
1d6slqd,[Video] A Deep Dive Into The Chevy Equinox EV's Interior,,2024-06-03 01:15:10
1d6mbm7,Which of these used EV's should I buy? (Updated - VW vs Volvo) ,"Hey everyone,

This is an updated post based on feedback I received from my prior post.

I'm looking and financing a lightly used EV. I commute 75 miles a day for work and about 20,000 miles a year in total. I am currently commuting in my 2005 Ford F-250 5.4 Gasser getting 12MPG - meaning my gasoline spend every year is roughly $7500. Our electric rates are very low - 0.9 cents per kWh and that's accounting for peak usage times (WA has a lot of hydroelectricity, windmills, solar, etc)

**My life situation:** I own a Duplex where my girlfriend, myself and our two German shepherds live in one side and we rent out the other side for rental income. My girlfriend and I go to Portland (About 225 Mi away) once a month to pickup raw food for our dogs and we tend to try and make a trip out of it each time, occasionally travel to Western WA.

**My typical daily scenario:** 99% of the time - this car will simply be used to commute to and from work. 32.5 miles there, 32.5 miles back, generally from 6:00AM PST - 6:45AM PST then from 5:15PM PST - 6:00PM PST. Half of the year this is with daylight, half of the year it's dark both ways. Winters are unpredictable. Some years it will snow for 2 months, some years it won't snow, sometimes it only snows for a couple days, sometimes it snows in March.

**Cars I'm looking into (Updated):**

|Car|ID.4 Pro S Plus|ID.4 Pro/1st Edition|Polestar 2 w/ Pilot Pack|Volvo XC40|Volvo XC40 Ultimate or C40 Ultimate|
|:-|:-|:-|:-|:-|:-|
|**Model Year**|2023|2021|2022|2021|2023|
|**Drivetrain**|AWD|RWD|AWD/FWD|AWD|AWD|
|**Mileage**|13,000|10,000|15,000|18,000|12,000|
|**Range**|255|250|249/275|208|223/226|
|**L2 Charge Speed**|11kW|11kW|11kW|11kW|11kW|
|**DCFC** **Charge Speed**|170kW|135kW|150kW|150kW|150kW|
|**Price (Before taxes and fees)**|$28,500|$25,000|$29,000|$30,000|$33,000|
|**Insurance cost**|$146 a month|$146 a month|$112 a month|$112 a month|$112 a month|

**Why these vehicles:** These are the one's I've essentially been able to find within 500 miles of my location or a dealership that delivers below the $30,000 price point. I've owned Bolt EV's in the past and heavily considered putting the Bolt EUV on the list - and as much as I don't think I'll travel that much, the idea of having to deal w/ 55kW peak DCFC speeds in 2024 does not sound appealing to me.

>**Volkswagen ID.4 Pros:** It's easy to find these in pretty much any configuration with low miles below the $30K price-point. Almost every configuration has 250+ miles of range. It seems like most come w/ a tow hitch, so if I wanted to get a small trailer and tow some hay short distances, or move furniture, it would be viable. Roomy interior. 11kW home charging, 130-170kW DCFC depending on model year is sufficient enough to be viable for travel. AWD variants would be nice during the work commute and Portland travel during the winter times.

>**Volkswagen ID.4 Cons:** Lack of true one pedal driving. Probably the most common non-Tesla EV on the road aside from maybe the Bolt and Nissan Leaf. Design is nice but it isn't awe inspiring. I've heard the infotainment is questionable - not sure how much I'd realistically use it. Performance on AWD is more than acceptable @ 0-60 in 5.5 seconds, but performance on RWD is not impressive.

>

>**Polestar 2 Pros:** Great looking vehicle inside and out. Performance on the dual motor is exciting - 0-60 in 4.4 seconds w/ the ability to pay $1500 for an OTA performance upgrade. Insurance is the cheapest I've been quoted for any EV I've looked at thus far.

>**Polestar 2 Cons:** Seemingly the most difficult to find out of the bunch. Pack system for these cars makes determining what features they have difficult - Pilot pack would essentially be a must for me. Most vehicles in this price range have all of these ""pack"" features as standard or minor trim upgrades. Single motor performance is not exciting, but extended range is nice - cost for single motor seems to be around the same for dual motor everywhere I look. A lot of the affordable ones are rental vehicles/fleet vehicles. Interior supposedly cramped.

>

>**Volvo XC40/C40 Pros:** Very similar to the Polestar but in an SUV format. Great looking vehicle, exciting performance, cheaper insurance.

>**Volvo XC40/C40 Cons:** Range on these is questionable. Supposedly the 2021 XC40 is only rated for 208 miles of range, but I heard that this was improved to match the 2022/2023 Model years via an OTA update, and that the EPA testing cycle changed in 2022. Price is in the upper range for such range.

>

**Hyundai Ioniq 5 Pros:** Fastest DCFC charging speeds would make road trips a breeze. Roomy interior. AWD would be great for the winter commutes. Performance is just as great as the Polestar 2's.

>**Hyundai Ioniq 5 Cons:** Subjective, but I'm not the biggest fan of the look of the car. I used to really love it, now it's ""Meh"" for me. These fall into the top of my budget - so most of them end up w/ payments similar to what Tesla was just offering w/ the Model Y and 0.99% financing. Insurance is nearly as expensive as what I was being quoted for Teslas.

>

**Vehicles I've ruled out:**

* **Any Tesla:** I was THIS close to financing a Model Y @ 0.99%. While I think it's difficult to deny the advantages Tesla has in the market, there's too many factors that turn me off from them. They don't inspire any sort of emotion from me - when I see one on the road, I don't point it out or get excited. I still do this today with ID.4's, Mach-E, Polstars, etc - but Tesla's are a dime a dozen. Major concerns over built quality, road noise and suspension. Girlfriend was a detailer for 4-years and hates Tesla's - claim their interior and paint quality are sub-par, even at their current pricing structure.
* **Mustang Mach-E**: Looks wise - these are second to the Polestar for me personally and just above the ID.4. These cars are surprisingly difficult to find under the $30,000 price range locally. When I do find them in that price range, they either have a ton of miles, or are in an absolute baseline trim w/ minimal features. 210 miles of range on the AWD variant and 230 miles on the RWD variant put them in the low-end of acceptable range for me. I've also heard complaints regarding the software and the charging speeds. I think winter range would be sketchy if I had to go to an appointment out of town on a work-day.
* **KIA Niro and Hyundai Kona**: Just too many compromises for me on these vehicles. 7.2kW L2 charging rate, 77kW max DCFC charging rate - they feel like a very slight step above the Bolt and Bolt EUV, but not enough to justify consideration. I will say - insurance on these cars is extremely cheap.
* **Suburu Solterra/Toyota Bz4x**: I'm probably one of the few people who doesn't mind these cars and they're somewhat tempting for the price-range I can find used models in. Unfortunate for these vehicles the insurance quote I got for these is simply too high for me to consider them - nearly 3x higher than the Polestar/Kona quoted costs. AWD version (Or Solterra) is rated for 228 miles of range which falls on the low-end of acceptable for me. Complaints about charging speed being realistically closer to 100kW make me think it'd be ""Okay"" for road trips but not great.
* **Chevrolet Bolt EV/EUV:** I actually have a soft-spot for these cars and they were a hard one for me to take off the consideration list. I've owned a 2021 and a 2022 Bolt EV several years ago and sold them both to lower my DTI so I could purchase my Duplex. Great cars for the money - that being said, I did a couple trips in them while I had them and while they're certainly possible, they aren't pleasant. Seats were always questionable and I'll be in a car for upwards of two-hours a day moving forward.
* **Jaguar I-Pace:** Cool car with impressive performance that has depreciated a TON - but dated interior and at this rate, 4-5 years old. Insurance costs quoted were on the higher end but less than Tesla/Solterra/Bz4x. Old infotainment - honestly - just too many compromises for this car for me to really take it as a serious consideration for the prices people want for them.
* **Mercedes EQB/Audi Q4 E-tron:** I'd love to consider both of these - but both are just outside of my budget when I come across them. They're also generally difficult to find in my area, but seem to be in abundance in Florida.
* **Nissan Ariya:** Insurance quotes are on the higher-end for this vehicle for some reason; $197 a month. While I can find FWD Ariya's with 280+ miles of range (Evolve+) and 300 miles of range (Venture+) the big kicker for me on this car is the 7.2kW maximum L2 charging rate. 
* I**oniq 5/6 and EV6:** I like these cars - but I'm having a hard time tracking any of them down w/ sub 20,000 miles and non-standard lower range variants. The EV6 Lite, Ioniq 5/6 SE Standard Range can be found in this price bracket, but then the range + RWD combo is not compelling enough for me to consider them.

**Alternative NEW option:** It does look like the 2024 Kona Electric SEL can be found for $30,000 flat. It also looks like dealer might be offering 1.99% @ 72 months. 260 miles of range, front-wheel drive only, max DCFC of 100KW, 11kW at home charging and supports V2L. I don't exactly LOVE the looks of this car - but - at it's price-point it could be compelling.

Any comments, thoughts, concerns and suggestions would be appreciated! Thank you everyone!",2024-06-02 20:17:54
1d5za4w,Why? But why?,,2024-06-01 23:00:48
1d5xrra,Which of these used EV's should I buy? ,"Hey everyone,

I'm looking and financing a lightly used EV. I commute 75 miles a day for work and about 20,000 miles a year in total. I am currently commuting in my 2005 Ford F-250 5.4 Gasser getting 12MPG - meaning my gasoline spend every year is roughly $7500. Our electric rates are very low - 0.9 cents per kWh and that's accounting for peak usage times (WA has a lot of hydroelectricity, windmills, solar, etc)

**My life situation:** I own a Duplex where my girlfriend, myself and our two German shepherds live in one side and we rent out the other side for rental income. My girlfriend and I go to Portland (About 225 Mi away) once a month to pickup raw food for our dogs and we tend to try and make a trip out of it each time, occasionally travel to Western WA.

**My 99% scenario:** 99% of the time - this car will simply be used to commute to and from work. 32.5 miles there, 32.5 miles back, generally from 6:00AM PST - 6:45AM PST then from 5:15PM PST - 6:00PM PST. Half of the year this is with daylight, half of the year it's dark both ways. Winters are unpredictable. Some years it will snow for 2 months, some years it won't snow, sometimes it only snows for a couple days, sometimes it snows in March.

**Cars I'm looking into:**

|Car|ID.4 Pro S Plus|ID.4 Pro/1st Edition |Polestar 2 w/ Pilot Pack|Kona EV (1st gen)|Hyundai Ioniq 5|
|:-|:-|:-|:-|:-|:-|
|**Model Year**|2023|2021|2022|2023|2023|
|**Drivetrain**|AWD|RWD|AWD/FWD|FWD|AWD|
|**Mileage**|13,000|10,000|15,000|6,000|18,000|
|**Range**|255|250|249|258|266|
|**L2 Charge Speed**|11kW|11kW|11kW|7.2kW|11kW|
|**DCFC** **Charge Speed**|170kW|135kW|150kW|77kW|230kW|
|**Price**|$28,500|$25,000|$28,500|$23,000|$29,000|
|**Payment (Approx - Assuming sub 8% w/ 750+ credit score w/ 72 month financing)**|$466 a month|$440 a month|$466 a month|$405 a month|$527 a month|
|**Insurance cost**|$146 a month|$146 a month|$112 a month|$112 a month|$165 a month|
|**Total per month(Approx)**|$612|$586|$578|$517|$692 a month|

**Why these vehicles:** These are the one's I've essentially been able to find within 500 miles of my location or a dealership that delivers below the $30,000 price point. I've owned Bolt EV's in the past and heavily considered putting the Bolt EUV on the list - and as much as I don't think I'll travel that much, the idea of having to deal w/ 55kW peak DCFC speeds in 2024 does not sound appealing to me.



>**Volkswagen ID.4 Pros:** It's easy to find these in pretty much any configuration with low miles below the $30K price-point. Almost every configuration has 250+ miles of range. It seems like most come w/ a tow hitch, so if I wanted to get a small trailer and tow some hay short distances, or move furniture, it would be viable. Roomy interior. 11kW home charging, 130-170kW DCFC depending on model year is sufficient enough to be viable for travel. AWD variants would be nice during the work commute and Portland travel during the winter times.

>**Volkswagen ID.4 Cons:** Probably the most common non-Tesla EV on the road aside from maybe the Bolt and Nissan Leaf. Design is nice but it isn't awe inspiring. I've heard the infotainment is questionable - not sure how much I'd realistically use it. Performance on AWD is more than acceptable @ 0-60 in 5.5 seconds, but performance on RWD is not impressive.

>

>**Polestar 2 Pros:** Great looking vehicle inside and out. Performance on the dual motor is exciting - 0-60 in 4.4 seconds w/ the ability to pay $1500 for an OTA performance upgrade. Insurance is the cheapest I've been quoted for any EV I've looked at thus far.

>**Polestar 2 Cons:** Seemingly the most difficult to find out of the bunch. Pack system for these cars makes determining what features they have difficult - Pilot pack would essentially be a must for me. Most vehicles in this price range have all of these ""pack"" features as standard or minor trim upgrades. Single motor performance is not exciting, but extended range is nice - cost for single motor seems to be around the same for dual motor everywhere I look. A lot of the affordable ones are rental vehicles/fleet vehicles. Interior supposedly cramped. 

>

>**Kona EV Pros:** Pricing is just above what I'm seeing for Bolt EUV's with slightly higher range and slighter faster DCFC charging speeds. Insurance is just as cheap as it is for the Polestar 2. 

>**Kona EV Cons:** 7.2kW home charging as opposed to 11kW. 77kW DCFC is still relatively slow. Only available in FWD, which is better for snow than RWD, but not quiet as great as AWD. 

>  
**Hyundai Ioniq 5 Pros:** Fastest DCFC charging speeds would make road trips a breeze. Roomy interior. AWD would be great for the winter commutes. Performance is just as great as the Polestar 2's. 

>**Hyundai Ioniq 5 Cons:** Subjective, but I'm not the biggest fan of the look of the car. I used to really love it, now it's ""Meh"" for me. These fall into the top of my budget - so most of them end up w/ payments similar to what Tesla was just offering w/ the Model Y and 0.99% financing. Insurance is nearly as expensive as what I was being quoted for Teslas. 

>

**Vehicles I've ruled out:**

* **Any Tesla:** I was THIS close to financing a Model Y @ 0.99%. While I think it's difficult to deny the advantages Tesla has in the market, there's too many factors that turn me off from them. They don't inspire any sort of emotion from me - when I see one on the road, I don't point it out or get excited. I still do this today with ID.4's, Mach-E, Polstars, etc - but Tesla's are a dime a dozen. Major concerns over built quality, road noise and suspension. Girlfriend was a detailer for 4-years and hates Tesla's - claim their interior and paint quality are sub-par, even at their current pricing structure. 
* **Mustang Mach-E**: Looks wise - these are second to the Polestar for me personally and just above the ID.4. These cars are surprisingly difficult to find under the $30,000 price range locally. When I do find them in that price range, they either have a ton of miles, or are in an absolute baseline trim w/ minimal features. 210 miles of range on the AWD variant and 230 miles on the RWD variant put them in the low-end of acceptable range for me. I've also heard complaints regarding the software and the charging speeds. I think winter range would be sketchy if I had to go to an appointment out of town on a work-day. 
* **Kia EV6 AND Ioniq 6**: Practically impossible to find either of these near me at a price below $30,000 - even in base trim. 
* **Suburu Solterra/Toyota Bz4x**: I'm probably one of the few people who doesn't mind these cars and they're somewhat tempting for the price-range I can find used models in. Unfortunate for these vehicles the insurance quote I got for these is simply too high for me to consider them - nearly 3x higher than the Polestar/Kona quoted costs. AWD version (Or Solterra) is rated for 228 miles of range which falls on the low-end of acceptable for me. Complaints about charging speed being realistically closer to 100kW make me think it'd be ""Okay"" for road trips but not great. 
* **Chevrolet Bolt EV/EUV:** I actually have a soft-spot for these cars and they were a hard one for me to take off the consideration list. I've owned a 2021 and a 2022 Bolt EV several years ago and sold them both to lower my DTI so I could purchase my Duplex. Great cars for the money - that being said, I did a couple trips in them while I had them and while they're certainly possible, they aren't pleasant. Seats were always questionable and I'll be in a car for upwards of two-hours a day moving forward. 
* **Jaguar I-Pace:** Cool car with impressive performance that has depreciated a TON - but dated interior and at this rate, 4-5 years old. Insurance costs quoted were on the higher end but less than Tesla/Solterra/Bz4x. Old infotainment - honestly - just too many compromises for this car for me to really take it as a serious consideration for the prices people want for them. 
* **Mercedes EQB/Audi Q4 E-tron:** I'd love to consider both of these - but both are just outside of my budget when I come across them. They're also generally difficult to find in my area, but seem to be in abundance in Florida. 

**Alternative NEW option:** It does look like the 2024 Kona Electric SEL can be found for $30,000 flat. It also looks like dealer might be offering 1.99% @ 72 months. 260 miles of range, front-wheel drive only, max DCFC of 100KW, 11kW at home charging and supports V2L. I don't exactly LOVE the looks of this car - but - at it's price-point it could be compelling. 

Any comments, thoughts, concerns and suggestions would be appreciated! Thank you everyone!",2024-06-01 21:48:46
1d5x52j,What to choose? Need station waggon or SUV,"Hi everyone!

Glad to be joining here.
So I kind of need some advice. I have absolutely no clue about cars and even less about electric ones.
My new job wants me to choose a station waggon (kombi for my German friends) or an suv as a company car and they really want me to choose an electric one.
For context, I will work as a handyman ( electrician in the securityfield) so I will need to fit some material (most of it will be shipped to the sites, just gotta have some hundred meters of cables), tools and my obligatory pink dress with me. (The dress was a joke, I only wear skirts,jk)
I will also be travelling a lot, like 80% of jobs are way over 500km away.
My options for brands are: Ford, Mercedes, Fiat, Skods, Audi, Hyundai and MG.
Anyone got some recommendations? 

Thanks in advance.
Love you all
Tom

Does someone",2024-06-01 21:19:22
1d5pv6x,Home charger questions,"So Im currently building a new house (in Europe). Im at a stage where Im designing / implementing electricity inside of the house.  I already have solar panels (23x450W) and a 10kW energy store for the house.
I would like to have a home charger some time in the future as well. Not sure what car I will have. Currently Im leaning towards Polestar 2 long range (most likely) or VW ID.7 or Skoda Eniaq. I would also like to be able to plug in my car and that my home can draw energy from the car if needed / during the night. 


Few questions then:

1. What kind of wire I should use from the distribution box to the wall charger outlet ? 

2. Should I just plug it to the home network after the inverter or have some sort of DC connection from the photovoltaic installation ?

3. Is there anything to consider (tell the electricians) if I want to use my car to power my home ?

Any other things I should consider ?",2024-06-01 15:45:00
1d567hi,The 2024 Chevrolet Equinox EV Fixes (Nearly) Everything the Cheap Bolt Got Wrong,,2024-05-31 21:05:49
1d4w5ce,"Chevy Silverado EV being used as a maintenance truck spotted in Columbus, OH",Was driving by some EVgo stations and saw this Silverado that a maintenance worker is using as his work truck. Looks like all of the tools needed fit in the frunk. ,2024-05-31 13:52:36
1d4v17u,weekly roundup for week of 5/23-5/30,"### Most Upvoted Posts

1. [LOL (1603 ðŸ¡…)](/r/electriccars/comments/19aeqs8/lol/)
2. [Wait... it's an EV??? (details in comments) (782 ðŸ¡…)](/r/electriccars/comments/1c1gtn9/wait_its_an_ev_details_in_comments/)
3. [Electric car caught fire at fast charger. Curious about brand of the car? Who could identify? (648 ðŸ¡…)](/r/electriccars/comments/18p3uwj/electric_car_caught_fire_at_fast_charger_curious/)
4. [Biden Administration Is Said to Slow Early Stage of Shift to Electric Cars: The change to planned rules was an election-year concession to labor unions and auto executives, according to people familiar with the plan (642 ðŸ¡…)](/r/electriccars/comments/1at8fr9/biden_administration_is_said_to_slow_early_stage/)
5. ['They Want To Be The Gatekeepers': Car Dealers Are Stopping Customers From Buying EVs (590 ðŸ¡…)](/r/electriccars/comments/17uqqbp/they_want_to_be_the_gatekeepers_car_dealers_are/)

### Most Commented Posts

1. [LOL (1024 ðŸ’¬)](/r/electriccars/comments/19aeqs8/lol/)
2. [Why do so many young people hate electric cars? (910 ðŸ’¬)](/r/electriccars/comments/1amcn07/why_do_so_many_young_people_hate_electric_cars/)
3. [Biden Administration Is Said to Slow Early Stage of Shift to Electric Cars: The change to planned rules was an election-year concession to labor unions and auto executives, according to people familiar with the plan (447 ðŸ’¬)](/r/electriccars/comments/1at8fr9/biden_administration_is_said_to_slow_early_stage/)",2024-05-31 13:00:22
1d4r0ho,2024 Chevrolet Equinox electric compact SUV sets the standard for price and range,,2024-05-31 08:50:32
1d4q1cf,This is the first $10k EV in America: China deals a blow to Tesla,,2024-05-31 07:37:02
1d4ipbi,"Is it worth buying a car from states with 0% sales tax, then drive it to your home state (that has a sales tax) vs buying it outright in your home state?","I figure if you plan it well enough, you can spend a few hundred to fly out to a state with 0% sales tax and still spend less overall than if you bought it outright in your home state. Wondering if this is a dumb plan or not.

Edit: I'm an idiot. Thanks for the answers.",2024-05-31 00:25:42
1d41981,Ford charging at Tesla Supercharger - just BS marketing,"Sorry to rant but I have been a Tesla guys since the first roadster. So two years ago I decided to get a Ford Lightning and I love it. The problem is the charging networks outside of Tesla suck. So I was thrilled to hear we can now charge at the same network that is available anywhere. I have done cross country trips with my model S and was looking forward to doing the same with my Lightning. Here is the problem. I canâ€™t get the adapter to let me charge at Tesla Superchargers. Even though I put the order in as soon as I got the email, my adapter wonâ€™t arrive until late September. I call Ford and I got â€œit is what it isâ€ answer. Yet on YouTube you see all these YouTubers with the adapter and showing us how great it is. Tesla is a master at this also. Announce or sell something like the cybertruck and set a delivery date of late 2027. I am a huge supporter of EVs but they have to get the model together. Better alignment of delivery and manufacturing with promises are key to avoid frustration. Frankly I am getting to the point where I am considering going back to ICE - something I have never thought I would say. I believe for EV to truly replace ICE vehicles there needs to be a paradigm shift. Manufacturing and delivering products on a reasonable timeframe is key to create customer satisfy and long term loyalty. 

Thoughts?",2024-05-30 10:56:43
1d3x455,"This is Cadillacâ€™s new entry-level EV, the $54,000 Optiq crossover",,2024-05-30 06:01:42
1d3tz85,"Fisker Ocean looks like a great deal, but...","So Fisker Ocean price drop does it make a very attractive option. 

But given the company might go bust I am afraid owning something that no longer was warranty or can't be repaired. 

Thoughts?",2024-05-30 02:54:08
1d3swwx,Used car tax credit question,As I understand it the dealer has three days to register the sale in the irs portal. When I bought my car I signed some forms one day but then had to finish the next day. So did the clock start the first day or the second? The â€œdate of deliveryâ€ on my temp registration says the second day. But all the documents I signed say the first day. The dealer says the clock starts from the second day. ,2024-05-30 01:59:46
1d3nlc7,"Used Teslas are getting very cheap, but buying one can be risky",,2024-05-29 21:46:29
1d3mvda,General Motors Executive Says The Chevrolet Equinox EV Is GMâ€™s Most Important New Electric Vehicle,,2024-05-29 21:12:30
1d32opj,Does the 2024 Equinox EV have blind spot cameras?,"I like that Tesla has them, and my 2016 Pilot has it.",2024-05-29 03:29:14
1d327nt,"$1,000 discount on Equinox EV for Costco members",,2024-05-29 03:03:29
1d2xh29,Mach E Versus Ioniq 6 (UK),"Hi All

This is my first post here.

I m torn between an Mach e and Ioniq 6 (United Kingdom)

I love the Bluecruise in the Mach E and seats were comfortable during the 48hr test drive ,but the cameras weren't that great and the Charging speeds are about 47 mins for 20 to 80 percent.The Mustang has a higher range on paper due to bigger battery size

With the Ioniq I was blown away by how cool the interior is for the price and how smooth the steering was and the multiple options with the Ipedal and manual and auto regen.The leather seats were a bit rigid and I felt the head rest was pushing in too much and dealers aren't giving any more than 20 mins Test drives on Ioniq 6.

I get pain in my elbow during long drives hence I am leaning towards Mach e purely for the Bluecruise and possibly better seats.

I wondered if anyone was in a similar situation and which way you guys went in the end.",2024-05-28 23:09:05
1d2ej6j,"Nissan preps next-gen LEAF EV production, but challenges await",,2024-05-28 08:28:01
1d22s0o,Tesla or I-Pace?,"I know it's a never-ending topic. I'm about to sell my dodge charger for an electric car (forced, due to zero import taxes in EU). No time to wait for dodge to release their EV in 2025. The only thing I like is the Jaguar I-pace. Test drive was great. But when I started to research, I realized that for long trips it will be a bad choice. And of course, Tesla is number one in all the ratings...

Just want to get some opinions, is it really worth it, in terms of long journeys? (tesla model S) I am impressed by the infrastructure of their charging stations all over EU. And I can sell it faster to buy an electric Dodge in future (I'm a Dodge fan).",2024-05-27 21:26:23
1d223jf,Just returned an electric car early,"Iâ€™m in California for fun and work and rented a polestar, which I usually enjoy. This trip however, I failed to find available chargers anywhere and the hotel only had slow chargers that needed a reservation. I love that everyone here drives electric but I hope they all have home chargers because public charging is a joke here. I swapped for a hybrid c60 and am much happier.",2024-05-27 20:56:45
1d1z1y4,"Chevy drops MSRP of Equinox EV 1LT to $33,600!! Itâ€™s now only $26,100 after the US federal tax credit!",,2024-05-27 18:58:58
1d1bbd8,Is The Chevy Equinox The Affordable EV Weâ€™ve Been Waiting For?,,2024-05-26 21:11:12
1d13lxm,Plug-In Hybrids? Just Say Hell No,,2024-05-26 15:17:59
1d0vizw,Which EV should I buy? ,"I currently commute 75 miles a day to and from work, which means I drive roughly 20,000 miles a year. I'm currently doing this is a truck that gets 12MPG and it's costing me a fortune. I live in WA, electric rate is 9 cents per kWh. I own a Duplex where I live in one side and rent out the other side. Brand new MPU, would just have to pay to get a 220/240V plug installed and routed to the driveway. This year I will bring in $91,000 between my salary, bonuses and rental income. I have a 755 Experian score based off of FICO8 standards, others should be close to this and I'm expecting the score to go up rapidly as I've paid down recurring credit debt significantly. I've been looking into EV's and I'm considering various options. I've created a spreadsheet below:

|Car|Suburu Solterra|Kia Niro|Chev Bolt EUV|Tesla Model 3|Tesla Model Y|Polestar 2|
|:-|:-|:-|:-|:-|:-|:-|
|Mileage|25,000|17,000|7500|46,000|0|17,000|
|Range|228|239|247|271|310|249|
|Charge speed|147kW|77kW|55kW|170kW|250kW|155kW|
|APR|8.76|9.5|8.76|9.5|2.99|8.76|
|Price|$26,156.56|$24,178.13|$19,654.12|$24,995.00|$44,666|$23,099|
|Payment|$470|$443.55|$353.19|$517.14|$541.00|$443|
|Insurance cost|$147|$56|$85.75|$110|$140|$49|
|Total monthly|$617|$499.55|$438.94|$627.14|$681.00|$492.00|

Some things that stand out for me:

* The promotional interest rate available for the Model Y is very tempting - primarily because it takes a brand new car and put's it within roughly a $120 payment difference for cars that are several years old.
* Once I get into the $30K price range for a used EV, the used rates being somewhere between 7%-9% end up putting me at payments beyond that of the Model Y payments. The delta has to be big enough for me to really consider it as a viable option.
* Tesla having NACS is a plus for me - however, I am not opposed to using adapters for CCS > NACS if the savings are significant enough.
* The insurance quote I got for full-coverage on the Polestar 2 and KIA NIRO are is shockingly low in comparison to most of the other vehicles on the list.
* I used to own two Bolt EV's, so I am pretty confident I'd like the Bolt EUV - but in 2024 the 55kW max charging rate concerns me and makes the vehicle practically impossible to utilize for trips. We do have a 2014 Nissan Maxima we currently use for most trips.
* My biggest priorities are (1. Range - I want to be able to drive 33 miles to work, then be able to drive 40 miles out of town for a doctors appointment, then potentially 40 miles back to work or home, even in the winter without having to worry about charging. (2. Safety - I have to drive on single-lane ""carriageway"" @ 60-70mph speeds for a good portion of my commute. (3. Music/Nav - I have to be able to play music from my phone and use navigation without major issues.

Looking for all thoughts and opinions. Thanks everyone!",2024-05-26 06:46:31
1d0kzvb,I know I don't NEED a manual trans with an electric vehicle..,..but CAN I have one? It seems like it would just improve the efficiency by lowering RPMs. And satisfy my manual addiction.,2024-05-25 20:38:30
1cx2tly,Ioniq vs e-up vs Leaf vs Citigoe?,"Hi,

Me and my girlfriend are looking to buy our first car (used), and due to the future in EV, we would like an electric vehicle. However, we would like to ask the reddit-experts about some of the models we are looking at.

We both study in one of the bigger cities in Denmark, and we would need the car range to be 140km on highway - preferably a bit between 140-200km. Our budget is maximum 16k EUR (17k USD). Most important is efficiency and safety/reliability. We have looked at the following models:

* Hyundai Ioniq 28kWh from 2018, 90k km.
* VW E-up from 2021, 49k km
* Nissan Leaf 40 tekna from 2018, 46k km
* Skoda Citigoe from 2020, 53k km

Do anyone have experience or any recommendations/critic with any of the models?

Thank you for the help!",2024-05-21 08:18:59
1cwo7ij,"No, I don't need a level 2 charge installed in my garage.","I've now had my EV for a few months and often when I tell someone that I've got an EV, they ask if I got a level 2 charger installed in my garage; I don't really see the need. I work from home and most of my trips are to grocery stores, Costco, tennis matches, etc. I don't think I have ever used more than 20-25% of my battery in a single day (I only charge to 80%)

If I was going on a long trip, I could start the 100% charge a few days early (I have not done this yet), or if in a single day, I needed more than a single charge, I could go to a public charger (I have not used one yet) 

I have seen a few articles saying people often don't need 300 miles ev range (I don't but my car has this), or awd (I don't have this, snows here once every 5-6 years for a day or two at most) but I have not seen articles about the fact that a lot of us also don't need level 2 chargers; 110 works just fine for some of us.  
  
People just assume, if you have an ev, you also need a level 2 charger.",2024-05-20 19:33:37
1cvkgzr,Charging cables compliance and possible insurance exclusion,"Hello guys, 

i recently took delivery of a PHEV Cupra Formentor, which came without a type 2 to type 2 charging cable. I was looking to purchase one, however i do not want to get the genuine vw one since its priced at around 300 euros. It doesnt really make sense to spend this amount since its an LTR that i got through my company policy. 

I couldnt really find anything online about charging cable compliance in the EU (should these cables have some kind of certification? And if so which one?).

Will using a non-genuine charging cable nullify my insurance coverage in case of fire or other damage caused to the vehicle while charging?

Thanks in advance !",2024-05-19 09:34:41
1cv1sec,"How GM Made The $35,000 Chevrolet Equinox EV Into A 319-Mile Range Champ",,2024-05-18 16:59:42
1cuwzcf,"Tesla makes the U.S.-spec $38,990 Model 3 RWD in California using battery cells from CATL, one of Chinaâ€™s biggest producers of EV batteries. New tariffs will raise the tax on imported Chinese EV batteries from 7.5% to 25%.",,2024-05-18 13:09:33
1cupd3r,Musk Taps China Data to Boost Tesla's AI Ambitions,,2024-05-18 04:44:12
1cuhv05,2024 Chevy Equinox EV Deliveries Now Under Way,,2024-05-17 22:14:51
1cu8hz0,GM President Teases the Electrifying Return of the Iconic Chevy Camaro,,2024-05-17 15:43:32
1cu4js0,weekly roundup for week of 5/9-5/16,"### Most Upvoted Posts

1. [LOL (1599 ðŸ¡…)](/r/electriccars/comments/19aeqs8/lol/)
2. [Wait... it's an EV??? (details in comments) (788 ðŸ¡…)](/r/electriccars/comments/1c1gtn9/wait_its_an_ev_details_in_comments/)
3. [Electric car caught fire at fast charger. Curious about brand of the car? Who could identify? (653 ðŸ¡…)](/r/electriccars/comments/18p3uwj/electric_car_caught_fire_at_fast_charger_curious/)
4. [Biden Administration Is Said to Slow Early Stage of Shift to Electric Cars: The change to planned rules was an election-year concession to labor unions and auto executives, according to people familiar with the plan (646 ðŸ¡…)](/r/electriccars/comments/1at8fr9/biden_administration_is_said_to_slow_early_stage/)
5. ['They Want To Be The Gatekeepers': Car Dealers Are Stopping Customers From Buying EVs (588 ðŸ¡…)](/r/electriccars/comments/17uqqbp/they_want_to_be_the_gatekeepers_car_dealers_are/)

### Most Commented Posts

1. [LOL (1024 ðŸ’¬)](/r/electriccars/comments/19aeqs8/lol/)
2. [Why do so many young people hate electric cars? (909 ðŸ’¬)](/r/electriccars/comments/1amcn07/why_do_so_many_young_people_hate_electric_cars/)
3. [Biden Administration Is Said to Slow Early Stage of Shift to Electric Cars: The change to planned rules was an election-year concession to labor unions and auto executives, according to people familiar with the plan (447 ðŸ’¬)](/r/electriccars/comments/1at8fr9/biden_administration_is_said_to_slow_early_stage/)",2024-05-17 13:00:16
1cu1fvc,Limited electric Lamborghini ,,2024-05-17 09:59:58
1cu1bzf,Limited electric Lamborghini ,,2024-05-17 09:52:09
1ctb1ue,A telsa sitting next to a charger.,,2024-05-16 11:50:51
1ct0kq6,Connected carsâ€™ illegal data collection and use now on FTCâ€™s â€œradarâ€,,2024-05-16 00:46:55
1ct0akt,Could your car power your home? GM makes it a reality in EV truck demo.,,2024-05-16 00:32:08
1csshlg,Electric Car Survey,"Electric Car Survey for Busines project

  
[https://docs.google.com/forms/d/e/1FAIpQLScVJ8vvM0P6xQv6laZtO9ud6yK2B4C5iKJ5W2PDxP\_07odQGQ/viewform?usp=sf\_link](https://docs.google.com/forms/d/e/1FAIpQLScVJ8vvM0P6xQv6laZtO9ud6yK2B4C5iKJ5W2PDxP_07odQGQ/viewform?usp=sf_link)",2024-05-15 18:47:39
1crqxpf,New Electric G Wagon,,2024-05-14 12:29:21
1crioal,May 14 - Today is the Day!,,2024-05-14 03:35:08
1cradzr,Offloading an audi etron gt lease ,I leased an Audi etrongft during evpaloza and am having some serious buyers remorse. Iâ€™ve accepted at this point that I will be taking a loss to sell back to the dealership but at the moemnt the loss is pretty substantial at around 20k due to the value of the car in the current ev market. Does it make sense to sell now or do we anticipate any changes to the market this summer that would be worth waiting for to get a little more for it?,2024-05-13 21:03:20
1cr9w0q,32% of consumers were considering an EV but cited a lack of charging stations in their area as the reason they wouldnâ€™t purchase. This will soon be the biggest barrier to EV adoption.,,2024-05-13 20:42:44
1cqmk6s,Musk Says Tesla to Spend $500 Million on Fast-Charging Network,,2024-05-13 00:41:20
1cpx700,Which will live longer - 10 year old Tesla S or 4 year old Bolt EV?,"I have saved up $15,000 to buy my 1st EV, and I plan to drive it into the ground, just like I've done with my 20 year old Scion. I have been leaning towards a 2019-20 Bolt EV Premier because it is small and cheap and practical. But today an opportunity arose to buy a 2015 Tesla Model S from a guy I kinda know, and now I'm confused.

In my area I can choose from used 2019-2020 Bolt Premier EVs from the dealer with tax credit for $15,000. Most seem to have 20,000-30,000 miles already and batteries that have been replaced in the past 2 years. They will include the manufacturer's 10 year / 100,000 mile warranty, their capabilities are a good match for my commute, I can charge at home, and it's what I've been planning to do, until ...

I was given the opportunity to buy a 2015 Tesla Model S for my $15,000 budget. It has 115,000 miles and is no longer under any warranty. It would be a private sale from a guy who's taken very good care of it. I've never wanted to be a Tesla person, just a practical commuter who's trying to save gas money and reduce my carbon impact. I like a tiny car that's easy to park and hard to worry about. But I drove the Tesla today, and it sure is nice in a land-yacht kind of way. We have another ICE car for road trips, so the Bolt wouldn't hold us back, but if I had a Tesla I would absolutely road trip in it. I'm also a little embarrassed at how much I liked the Auto Pilot feature. Kelly Blue Book says this car's Fair market range is between $17,800-$21,200, so it feels like a good deal maybe.

I'm trying to stay focused on my primary goal of getting the longest lasting car I can for my budget. I am concerned about the cost of fixing the Tesla if things do go wrong, vs having at least 8 more years of warranty coverage for the Bolt. I am curious about the expected lifespan of these cars, and I know we don't have the data yet. So I'm looking for advice and anecdotes and the thoughts of other EV drivers about durability and long term reliability of either of these cars. What would you do, if this car was going to be the last one you owned for a long time?",2024-05-12 02:06:54
1cou3bb,Newbie question ,"I bought a used 2017 Chevy Volt and my question is, should I take it to my local mechanic who says that they have one tech that is certified to work on EVâ€™s or would it be better to have it serviced by the Chevy dealer who (presumably) would have more expertise?",2024-05-10 16:45:41
1coozmn,weekly roundup for week of 5/2-5/9,"### Most Upvoted Posts

1. [LOL (1598 ðŸ¡…)](/r/electriccars/comments/19aeqs8/lol/)
2. [Wait... it's an EV??? (details in comments) (781 ðŸ¡…)](/r/electriccars/comments/1c1gtn9/wait_its_an_ev_details_in_comments/)
3. [Biden Administration Is Said to Slow Early Stage of Shift to Electric Cars: The change to planned rules was an election-year concession to labor unions and auto executives, according to people familiar with the plan (648 ðŸ¡…)](/r/electriccars/comments/1at8fr9/biden_administration_is_said_to_slow_early_stage/)
4. [Electric car caught fire at fast charger. Curious about brand of the car? Who could identify? (648 ðŸ¡…)](/r/electriccars/comments/18p3uwj/electric_car_caught_fire_at_fast_charger_curious/)
5. ['They Want To Be The Gatekeepers': Car Dealers Are Stopping Customers From Buying EVs (588 ðŸ¡…)](/r/electriccars/comments/17uqqbp/they_want_to_be_the_gatekeepers_car_dealers_are/)

### Most Commented Posts

1. [LOL (1025 ðŸ’¬)](/r/electriccars/comments/19aeqs8/lol/)
2. [Why do so many young people hate electric cars? (908 ðŸ’¬)](/r/electriccars/comments/1amcn07/why_do_so_many_young_people_hate_electric_cars/)
3. [Biden Administration Is Said to Slow Early Stage of Shift to Electric Cars: The change to planned rules was an election-year concession to labor unions and auto executives, according to people familiar with the plan (447 ðŸ’¬)](/r/electriccars/comments/1at8fr9/biden_administration_is_said_to_slow_early_stage/)",2024-05-10 13:00:16
1coiik7,US May Ban or Impose Restrictions on Chinese Connected Cars,,2024-05-10 06:02:18
1cogyp1,Tesla to Shut Down German Plant for One Day on May 10,,2024-05-10 04:23:54
1cnou25,"Elon Musk Plans to Launch Robotaxis in China, Reports Say",,2024-05-09 04:38:51
1cmxbid,A Walmart Tesla Semi Truck Spotted in California,,2024-05-08 05:53:00